{
  "epoch1": 2.2053598880767824,
  "epoch2": 0.08958130478858947,
  "epoch3": -0.04396568536758423,
  "epoch4": -0.0971852958202362,
  "epoch5": -0.18991010189056395,
  "epoch6": -0.2550740659236908,
  "epoch7": -0.30495553016662597,
  "epoch8": -0.3625561594963074,
  "epoch9": -0.4309922635555267,
  "epoch10": -0.5261938691139221,
  "epoch11": -0.6037108182907105,
  "epoch12": -0.7129217684268951,
  "epoch13": -0.8102230966091156,
  "epoch14": -0.8800286054611206,
  "epoch15": -0.9562028050422668,
  "epoch16": -1.0925777196884154,
  "epoch17": -1.2789016127586366,
  "epoch18": -1.4467907071113586,
  "epoch19": -1.570569896697998,
  "epoch20": -1.785035991668701,
  "epoch21": -1.9090696215629577,
  "epoch22": -2.1141849517822267,
  "epoch23": -2.145741820335388,
  "epoch24": -2.199707877635956,
  "epoch25": -2.3893855094909666,
  "epoch26": -2.616235315799713,
  "epoch27": -2.8431243181228636,
  "epoch28": -3.066078042984009,
  "epoch29": -3.381813132762909,
  "epoch30": -3.565944862365723,
  "epoch31": -3.7673275232315064,
  "epoch32": -3.7274479389190676,
  "epoch33": -3.9298890590667725,
  "epoch34": -4.229602193832397,
  "epoch35": -4.168777823448181,
  "epoch36": -4.43292760848999,
  "epoch37": -4.427328181266785,
  "epoch38": -4.744879245758057,
  "epoch39": -4.939841938018799,
  "epoch40": -5.05720624923706,
  "epoch41": -5.031379699707031,
  "epoch42": -5.233982133865356,
  "epoch43": -5.329343914985657,
  "epoch44": -5.377590680122376,
  "epoch45": -5.4358196496963505,
  "epoch46": -5.435765600204467,
  "epoch47": -5.675233936309814,
  "epoch48": -5.722411680221557,
  "epoch49": -5.677262210845948,
  "epoch50": -5.70613477230072,
  "epoch51": -5.8311131477355955,
  "epoch52": -5.703330993652344,
  "epoch53": -6.038230466842651,
  "epoch54": -6.196468305587769,
  "epoch55": -6.3363017559051515,
  "epoch56": -6.350368785858154,
  "epoch57": -6.314726686477661,
  "epoch58": -6.498009967803955,
  "epoch59": -6.56513295173645,
  "epoch60": -6.481107234954834,
  "epoch61": -6.515540838241577,
  "epoch62": -6.647769451141357,
  "epoch63": -6.857474946975708,
  "epoch64": -6.585149478912354,
  "epoch65": -6.471751308441162,
  "epoch66": -6.541117644309997,
  "epoch67": -6.708668327331543,
  "epoch68": -6.8791131496429445,
  "epoch69": -6.837746047973633,
  "epoch70": -6.916770362854004,
  "epoch71": -6.780895471572876,
  "epoch72": -6.8332140922546385,
  "epoch73": -6.989858341217041,
  "epoch74": -6.814468812942505,
  "epoch75": -6.922428274154663,
  "epoch76": -7.230068778991699,
  "epoch77": -7.4787538051605225,
  "epoch78": -7.596124649047852,
  "epoch79": -7.591963243484497,
  "epoch80": -7.558330011367798,
  "epoch81": -7.6312644481658936,
  "epoch82": -7.725377893447876,
  "epoch83": -7.786663913726807,
  "epoch84": -7.810846328735352,
  "epoch85": -7.771340036392212,
  "epoch86": -7.7896294593811035,
  "epoch87": -7.863806867599488,
  "epoch88": -7.9684347152709964,
  "epoch89": -7.965097093582154,
  "epoch90": -7.803210020065308,
  "epoch91": -7.912099170684814,
  "epoch92": -8.000089502334594,
  "epoch93": -8.040759897232055,
  "epoch94": -8.062325763702393,
  "epoch95": -8.018186807632446,
  "epoch96": -8.029473924636841,
  "epoch97": -8.046427917480468,
  "epoch98": -8.094163656234741,
  "epoch99": -8.173913764953614,
  "epoch100": -8.141734313964843,
  "epoch101": -8.098674392700195,
  "epoch102": -8.154560136795045,
  "epoch103": -8.228037405014039,
  "epoch104": -8.269065046310425,
  "epoch105": -8.243080615997314,
  "epoch106": -8.212297391891479,
  "epoch107": -8.280800914764404,
  "epoch108": -8.378705549240113,
  "epoch109": -8.347089862823486,
  "epoch110": -8.126304388046265,
  "epoch111": -8.230568838119506,
  "epoch112": -8.38074345588684,
  "epoch113": -8.374518394470215,
  "epoch114": -8.160449171066285,
  "epoch115": -8.093175363540649,
  "epoch116": -8.265471124649048,
  "epoch117": -8.42980055809021,
  "epoch118": -8.316625499725342,
  "epoch119": -8.069301891326905,
  "epoch120": -8.180599689483643,
  "epoch121": -8.330837202072143,
  "epoch122": -8.352222013473511,
  "epoch123": -8.356090211868286,
  "epoch124": -8.320599555969238,
  "epoch125": -8.505982208251954,
  "epoch126": -8.576268768310547,
  "epoch127": -8.446078777313232,
  "epoch128": -8.512935733795166,
  "epoch129": -8.643020868301392,
  "epoch130": -8.723594665527344,
  "epoch131": -8.682505559921264,
  "epoch132": -8.633067560195922,
  "epoch133": -8.668304777145385,
  "epoch134": -8.798877811431884,
  "epoch135": -8.88693470954895,
  "epoch136": -8.8148934841156,
  "epoch137": -8.56057562828064,
  "epoch138": -8.608614063262939,
  "epoch139": -8.816586589813232,
  "epoch140": -8.932090282440186,
  "epoch141": -8.789456033706665,
  "epoch142": -8.303106784820557,
  "epoch143": -8.335116100311279,
  "epoch144": -8.755359983444214,
  "epoch145": -8.751907539367675,
  "epoch146": -8.562766647338867,
  "epoch147": -8.493017292022705,
  "epoch148": -8.648718357086182,
  "epoch149": -8.721810865402222,
  "epoch150": -8.868101930618286,
  "epoch151": -8.931508874893188,
  "epoch152": -9.13827395439148,
  "epoch153": -9.201720666885375,
  "epoch154": -9.213065052032471,
  "epoch155": -9.190040874481202,
  "epoch156": -9.19258246421814,
  "epoch157": -9.222973680496215,
  "epoch158": -9.25097017288208,
  "epoch159": -9.268362236022949,
  "epoch160": -9.242029428482056,
  "epoch161": -9.236706161499024,
  "epoch162": -9.325428342819214,
  "epoch163": -9.356151580810547,
  "epoch164": -9.39418659210205,
  "epoch165": -9.409982776641845,
  "epoch166": -9.403661012649536,
  "epoch167": -9.404417133331298,
  "epoch168": -9.433781385421753,
  "epoch169": -9.46150050163269,
  "epoch170": -9.473880243301391,
  "epoch171": -9.451013231277466,
  "epoch172": -9.437382125854493,
  "epoch173": -9.502688789367676,
  "epoch174": -9.534537935256958,
  "epoch175": -9.521791934967041,
  "epoch176": -9.444004249572753,
  "epoch177": -9.449934387207032,
  "epoch178": -9.552094650268554,
  "epoch179": -9.595691823959351,
  "epoch180": -9.50427713394165,
  "epoch181": -9.373001384735108,
  "epoch182": -9.384433937072753,
  "epoch183": -9.449358081817627,
  "epoch184": -9.47818431854248,
  "epoch185": -9.540141677856445,
  "epoch186": -9.558644580841065,
  "epoch187": -9.57499303817749,
  "epoch188": -9.552667903900147,
  "epoch189": -9.549565076828003,
  "epoch190": -9.617670154571533,
  "epoch191": -9.655263948440552,
  "epoch192": -9.65462646484375,
  "epoch193": -9.580742645263673,
  "epoch194": -9.55591402053833,
  "epoch195": -9.642234802246094,
  "epoch196": -9.70959539413452,
  "epoch197": -9.711439609527588,
  "epoch198": -9.681949567794799,
  "epoch199": -9.713244819641114,
  "epoch200": -9.736466312408448,
  "epoch201": -9.778398704528808,
  "epoch202": -9.795910549163818
}
