{
  "Aepoch1": 2.2554694175720216,
  "Aepoch2": 0.1470761477947235,
  "Aepoch3": 0.06910067796707153,
  "Aepoch4": -0.0017722487449645997,
  "Aepoch5": -0.059600263833999634,
  "Aepoch6": -0.09608889222145081,
  "Aepoch7": -0.1572265237569809,
  "Aepoch8": -0.2359683632850647,
  "Aepoch9": -0.3276426613330841,
  "Aepoch10": -0.4209151029586792,
  "Aepoch11": -0.5761907398700714,
  "Aepoch12": -0.6746971845626831,
  "Aepoch13": -0.8536202311515808,
  "Aepoch14": -1.0143951296806335,
  "Aepoch15": -1.149528479576111,
  "Aepoch16": -1.3221336722373962,
  "Aepoch17": -1.3889034986495972,
  "Aepoch18": -1.6600280046463012,
  "Aepoch19": -1.792927622795105,
  "Aepoch20": -1.936363410949707,
  "Aepoch21": -2.045240569114685,
  "Aepoch22": -2.2050249099731447,
  "Aepoch23": -2.3944782495498655,
  "Aepoch24": -2.5368107318878175,
  "Aepoch25": -2.696498990058899,
  "Aepoch26": -2.8971320152282716,
  "Aepoch27": -2.9899844408035277,
  "Aepoch28": -3.0480746746063234,
  "Aepoch29": -3.045554494857788,
  "Aepoch30": -3.3787827014923097,
  "Aepoch31": -3.5651567935943604,
  "Aepoch32": -3.784922742843628,
  "Aepoch33": -3.943437695503235,
  "Aepoch34": -4.048292469978333,
  "Aepoch35": -4.198031425476074,
  "Aepoch36": -4.020733380317688,
  "Aepoch37": -4.482938456535339,
  "Aepoch38": -4.600048494338989,
  "Aepoch39": -4.51913902759552,
  "Aepoch40": -4.472404623031617,
  "Aepoch41": -4.454791069030762,
  "Aepoch42": -4.397743988037109,
  "Aepoch43": -4.5694979429244995,
  "Aepoch44": -4.845598244667054,
  "Aepoch45": -4.8768819808959964,
  "Aepoch46": -4.989936351776123,
  "Aepoch47": -5.351770234107971,
  "Aepoch48": -5.184481978416443,
  "Aepoch49": -5.326279044151306,
  "Aepoch50": -5.634036993980407,
  "Aepoch51": -5.794316148757934,
  "Aepoch52": -5.735703492164612,
  "Aepoch53": -5.377793836593628,
  "Aepoch54": -5.530589461326599,
  "Aepoch55": -5.940634536743164,
  "Aepoch56": -6.119145083427429,
  "Aepoch57": -6.080050587654114,
  "Aepoch58": -5.929251670837402,
  "Aepoch59": -6.051802396774292,
  "Aepoch60": -6.258464622497558,
  "Aepoch61": -6.090542531013488,
  "Aepoch62": -5.7476472616195675,
  "Aepoch63": -6.213706707954406,
  "Aepoch64": -6.528457593917847,
  "Aepoch65": -6.526235103607178,
  "Aepoch66": -6.287414932250977,
  "Aepoch67": -6.393693852424621,
  "Aepoch68": -6.564013385772705,
  "Aepoch69": -6.5823808193206785,
  "Aepoch70": -6.868726015090942,
  "Aepoch71": -6.8463873863220215,
  "Aepoch72": -6.595461416244507,
  "Aepoch73": -6.616597080230713,
  "Aepoch74": -6.747447347640991,
  "Aepoch75": -7.080540943145752,
  "Aepoch76": -6.75817084312439,
  "Aepoch77": -6.3550371646881105,
  "Aepoch78": -6.300374674797058,
  "Aepoch79": -6.707394027709961,
  "Aepoch80": -6.898307228088379,
  "Aepoch81": -6.9178544044494625,
  "Aepoch82": -6.972421646118164,
  "Aepoch83": -7.178197574615479,
  "Aepoch84": -7.108547639846802,
  "Aepoch85": -7.23302116394043,
  "Aepoch86": -7.368655061721801,
  "Aepoch87": -7.274217224121093,
  "Aepoch88": -7.285656356811524,
  "Aepoch89": -7.365278005599976,
  "Aepoch90": -7.48478102684021,
  "Aepoch91": -7.355880212783814,
  "Aepoch92": -7.306550407409668,
  "Aepoch93": -7.367705917358398,
  "Aepoch94": -7.450500869750977,
  "Aepoch95": -7.451220703125,
  "Aepoch96": -7.398403215408325,
  "Aepoch97": -7.52632703781128,
  "Aepoch98": -7.497660112380982,
  "Aepoch99": -7.403688287734985,
  "Aepoch100": -7.40874137878418,
  "Aepoch101": -7.548530864715576,
  "Aepoch102": -7.679825115203857,
  "Aepoch103": -7.5644666194915775,
  "Aepoch104": -7.52691502571106,
  "Aepoch105": -7.620556163787842,
  "Aepoch106": -7.697658348083496,
  "Aepoch107": -7.799005794525146,
  "Aepoch108": -7.617936897277832,
  "Aepoch109": -7.521377325057983,
  "Aepoch110": -7.691459465026855,
  "Aepoch111": -7.845003890991211,
  "Aepoch112": -7.744688653945923,
  "Aepoch113": -7.62872314453125,
  "Aepoch114": -7.718774318695068,
  "Aepoch115": -7.847979211807251,
  "Aepoch116": -7.977295541763306,
  "Aepoch117": -7.8594074726104735,
  "Aepoch118": -7.779266691207885,
  "Aepoch119": -7.7947498798370365,
  "Aepoch120": -7.932861566543579,
  "Aepoch121": -7.992534017562866,
  "Aepoch122": -7.6095805168151855,
  "Aepoch123": -7.786961555480957,
  "Aepoch124": -7.969026279449463,
  "Aepoch125": -8.106351613998413,
  "Aepoch126": -8.11993498802185,
  "Aepoch127": -7.869548988342285,
  "Aepoch128": -8.042681360244751,
  "Aepoch129": -8.27479681968689,
  "Aepoch130": -8.227876758575439,
  "Aepoch131": -7.959810733795166,
  "Aepoch132": -7.8366231441497805,
  "Aepoch133": -8.348780488967895,
  "Aepoch134": -8.120879364013671,
  "Aepoch135": -7.722083473205567,
  "Aepoch136": -7.656951665878296,
  "Aepoch137": -8.013269233703614,
  "Aepoch138": -8.262304401397705,
  "Aepoch139": -8.364147186279297,
  "Aepoch140": -8.327866268157958,
  "Aepoch141": -8.243540239334106,
  "Aepoch142": -8.30945553779602,
  "Aepoch143": -8.559998035430908,
  "Aepoch144": -8.610148286819458,
  "Aepoch145": -8.383213329315186,
  "Aepoch146": -8.284643363952636,
  "Aepoch147": -8.447175693511962,
  "Aepoch148": -8.67577304840088,
  "Aepoch149": -8.475735902786255,
  "Aepoch150": -8.275985479354858,
  "Aepoch151": -8.424965429306031,
  "Aepoch152": -8.592097282409668,
  "Aepoch153": -8.594140815734864,
  "Aepoch154": -8.145988464355469,
  "Aepoch155": -8.167465591430664,
  "Aepoch156": -8.47133674621582,
  "Aepoch157": -8.70934181213379,
  "Aepoch158": -8.678508710861205,
  "Aepoch159": -8.348394584655761,
  "Aepoch160": -8.528984022140502,
  "Aepoch161": -8.759152460098267,
  "Aepoch162": -8.944073581695557,
  "Aepoch163": -8.87774200439453,
  "Aepoch164": -8.39148497581482,
  "Aepoch165": -8.559969758987426,
  "Aepoch166": -8.982899713516236,
  "Aepoch167": -9.116873455047607,
  "Aepoch168": -8.325708818435668,
  "Aepoch169": -7.952770662307739,
  "Aepoch170": -8.328743267059327,
  "Aepoch171": -8.722464227676392,
  "Aepoch172": -8.851774549484253,
  "Aepoch173": -8.657453727722167,
  "Aepoch174": -8.648856210708619,
  "Aepoch175": -9.009383583068848,
  "Aepoch176": -9.094731044769286,
  "Aepoch177": -8.706974744796753,
  "Aepoch178": -8.553656244277954,
  "Aepoch179": -8.647906732559203,
  "Aepoch180": -8.60056562423706,
  "Aepoch181": -8.844666671752929,
  "Aepoch182": -9.128370475769042,
  "Aepoch183": -9.060531091690063,
  "Aepoch184": -8.457140636444091,
  "Aepoch185": -8.276275825500488,
  "Aepoch186": -8.85727400779724,
  "Aepoch187": -8.790180349349976,
  "Aepoch188": -8.536308288574219,
  "Aepoch189": -8.823790645599365,
  "Aepoch190": -9.201605939865113,
  "Aepoch191": -9.327458715438842,
  "Aepoch192": -9.21840968132019,
  "Aepoch193": -9.309923648834229,
  "Aepoch194": -9.366556453704835,
  "Aepoch195": -9.436956596374511,
  "Aepoch196": -9.521565485000611,
  "Aepoch197": -9.309410095214844,
  "Aepoch198": -9.01817970275879,
  "Aepoch199": -9.108186435699462,
  "Aepoch200": -9.333042812347411,
  "Aepoch201": -9.613722324371338,
  "Aepoch202": -9.463326358795166,
  "Aepoch203": -9.335547685623169,
  "Aepoch204": -9.363635969161987,
  "Aepoch205": -9.463898944854737,
  "Aepoch206": -9.727557039260864,
  "Aepoch207": -9.875147247314453,
  "Aepoch208": -9.647422981262206,
  "Aepoch209": -9.326034355163575,
  "Aepoch210": -9.53930196762085,
  "Aepoch211": -9.773128890991211,
  "Aepoch212": -9.964962196350097,
  "Aepoch213": -9.867216777801513,
  "Aepoch214": -9.588630199432373,
  "Aepoch215": -9.742967700958252,
  "Aepoch216": -9.948801708221435,
  "Aepoch217": -9.963007354736328,
  "Aepoch218": -9.687610340118407,
  "Aepoch219": -9.481409883499145,
  "Aepoch220": -9.853923416137695,
  "Aepoch221": -10.020772552490234,
  "Aepoch222": -9.266981935501098,
  "Aepoch223": -8.25462965965271,
  "Aepoch224": -8.604062223434449,
  "Aepoch225": -9.075321578979493,
  "Aepoch226": -9.360611152648925,
  "Aepoch227": -9.58175745010376,
  "Aepoch228": -9.665697765350341,
  "Aepoch229": -9.57876272201538,
  "Aepoch230": -9.58039722442627,
  "Aepoch231": -9.840820026397704,