{
  "epoch1": 2.2554694175720216,
  "epoch2": 0.1470761477947235,
  "epoch3": 0.06910067796707153,
  "epoch4": -0.0017722487449645997,
  "epoch5": -0.059600263833999634,
  "epoch6": -0.09608889222145081,
  "epoch7": -0.1572265237569809,
  "epoch8": -0.2359683632850647,
  "epoch9": -0.3276426613330841,
  "epoch10": -0.4209151029586792,
  "epoch11": -0.333433073759079,
  "epoch12": -0.7396767139434814,
  "epoch13": -0.9195501446723938,
  "epoch14": -1.142149269580841,
  "epoch15": -1.2701237201690674,
  "epoch16": -1.4709924101829528,
  "epoch17": -1.600304162502289,
  "epoch18": -1.7156023263931275,
  "epoch19": -1.7984135389328002,
  "epoch20": -1.935281014442444,
  "epoch21": -1.7537635803222655,
  "epoch22": -2.157530188560486,
  "epoch23": -2.3651023387908934,
  "epoch24": -2.6360377788543703,
  "epoch25": -2.776518964767456,
  "epoch26": -3.011829972267151,
  "epoch27": -3.173170304298401,
  "epoch28": -3.2820545196533204,
  "epoch29": -3.349450373649597,
  "epoch30": -3.1211886167526246,
  "epoch31": -3.3971617221832275,
  "epoch32": -3.654884457588196,
  "epoch33": -3.7481371641159056,
  "epoch34": -3.8118045568466186,
  "epoch35": -3.9323336839675904,
  "epoch36": -3.97577486038208,
  "epoch37": -4.085259556770325,
  "epoch38": -4.356488561630249,
  "epoch39": -4.518371343612671,
  "epoch40": -4.561505699157715,
  "epoch41": -4.823403811454773,
  "epoch42": -4.905397248268128,
  "epoch43": -4.644731760025024,
  "epoch44": -4.741740584373474,
  "epoch45": -4.90640115737915,
  "epoch46": -5.292729043960572,
  "epoch47": -5.4331940650939945,
  "epoch48": -5.183814692497253,
  "epoch49": -4.92151837348938,
  "epoch50": -5.178584122657776,
  "epoch51": -5.628128457069397,
  "epoch52": -5.860565519332885,
  "epoch53": -5.845946598052978,
  "epoch54": -5.739601469039917,
  "epoch55": -5.4796630859375,
  "epoch56": -5.801235961914062,
  "epoch57": -5.868069839477539,
  "epoch58": -5.765425038337708,
  "epoch59": -5.845852184295654,
  "epoch60": -6.0599463939666744,
  "epoch61": -6.214443182945251,
  "epoch62": -6.339343738555908,
  "epoch63": -6.255557298660278,
  "epoch64": -6.330855441093445,
  "epoch65": -6.469721937179566,
  "epoch66": -6.528520488739014,
  "epoch67": -6.355857038497925,
  "epoch68": -6.294085836410522,
  "epoch69": -6.595582056045532,
  "epoch70": -6.613972520828247,
  "epoch71": -6.509278011322022,
  "epoch72": -6.521684646606445,
  "epoch73": -6.587875652313232,
  "epoch74": -6.747992944717407,
  "epoch75": -6.6955469131469725,
  "epoch76": -6.602762126922608,
  "epoch77": -6.658121776580811,
  "epoch78": -6.772658729553223,
  "epoch79": -6.653622055053711,
  "epoch80": -6.550440406799316,
  "epoch81": -6.696705913543701,
  "epoch82": -6.797012042999268,
  "epoch83": -6.74775915145874,
  "epoch84": -6.6808658838272095,
  "epoch85": -6.64041223526001,
  "epoch86": -6.886425590515136,
  "epoch87": -6.779377603530884,
  "epoch88": -6.820823001861572,
  "epoch89": -6.970946550369263,
  "epoch90": -7.138866996765136,
  "epoch91": -7.018414115905761,
  "epoch92": -6.876232385635376,
  "epoch93": -7.103363990783691,
  "epoch94": -7.282976675033569,
  "epoch95": -7.222953462600708,
  "epoch96": -6.998101902008057,
  "epoch97": -7.123846960067749,
  "epoch98": -7.285529088973999,
  "epoch99": -7.31266450881958,
  "epoch100": -7.256491231918335,
  "epoch101": -7.335659599304199,
  "epoch102": -7.56341814994812,
  "epoch103": -7.4163594245910645,
  "epoch104": -7.177467489242554,
  "epoch105": -7.336920642852784,
  "epoch106": -7.520228672027588,
  "epoch107": -7.627799129486084,
  "epoch108": -7.471507501602173,
  "epoch109": -7.340758228302002,
  "epoch110": -7.5543090343475345,
  "epoch111": -7.6397480964660645,
  "epoch112": -7.526096773147583,
  "epoch113": -7.47417049407959,
  "epoch114": -7.7039477825164795,
  "epoch115": -7.792127895355224,
  "epoch116": -7.666533184051514,
  "epoch117": -7.640960693359375,
  "epoch118": -7.797684621810913,
  "epoch119": -7.958607530593872,
  "epoch120": -7.745282506942749,
  "epoch121": -7.540319395065308,
  "epoch122": -7.780712223052978,
  "epoch123": -7.995846128463745,
  "epoch124": -7.894485187530518,
  "epoch125": -7.522746753692627,
  "epoch126": -7.6627579689025875,
  "epoch127": -7.959271001815796,
  "epoch128": -7.9468425750732425,
  "epoch129": -7.801562356948852,
  "epoch130": -7.897476148605347,
  "epoch131": -8.075042057037354,
  "epoch132": -8.128878831863403,
  "epoch133": -7.938317680358887,
  "epoch134": -7.983592939376831,
  "epoch135": -8.190216064453125,
  "epoch136": -8.18929386138916,
  "epoch137": -8.058900785446166,
  "epoch138": -8.077263879776002,
  "epoch139": -8.277224111557008,
  "epoch140": -8.176635313034058,
  "epoch141": -7.814733695983887,
  "epoch142": -7.839510107040406,
  "epoch143": -8.097499132156372,
  "epoch144": -8.193817949295044,
  "epoch145": -8.038968896865844,
  "epoch146": -8.178477907180786,
  "epoch147": -8.341946458816528,
  "epoch148": -8.31992039680481,
  "epoch149": -8.30143723487854,
  "epoch150": -8.324356603622437,
  "epoch151": -8.393468952178955,
  "epoch152": -8.413908052444459,
  "epoch153": -8.316300010681152,
  "epoch154": -8.323107433319091,
  "epoch155": -8.39663200378418,
  "epoch156": -8.468474102020263,
  "epoch157": -8.389750289916993,
  "epoch158": -8.325133514404296,
  "epoch159": -8.487487840652467,
  "epoch160": -8.489985609054566,
  "epoch161": -8.384780406951904,
  "epoch162": -8.2888671875,
  "epoch163": -8.400606107711791,
  "epoch164": -8.478439283370971,
  "epoch165": -8.38905291557312,
  "epoch166": -8.487066221237182,
  "epoch167": -8.651059293746949,
  "epoch168": -8.785061645507813,
  "epoch169": -8.612536334991455,
  "epoch170": -8.489516162872315,
  "epoch171": -8.625896835327149,
  "epoch172": -8.799053239822388,
  "epoch173": -8.837109756469726,
  "epoch174": -8.617039680480957,
  "epoch175": -8.630400228500367,
  "epoch176": -8.882078504562378,
  "epoch177": -8.838812255859375,
  "epoch178": -8.521568727493285,
  "epoch179": -8.451991319656372,
  "epoch180": -8.686558723449707,
  "epoch181": -8.913749742507935,
  "epoch182": -8.660720443725586,
  "epoch183": -8.389309406280518,
  "epoch184": -8.794160509109497,
  "epoch185": -9.008272695541383,
  "epoch186": -8.61941180229187,
  "epoch187": -7.9382401466369625,
  "epoch188": -8.255728006362915,
  "epoch189": -8.545108222961426,
  "epoch190": -8.739437627792359,
  "epoch191": -8.50316915512085,
  "epoch192": -8.416586351394653,
  "epoch193": -8.618809270858765,
  "epoch194": -8.769091367721558,
  "epoch195": -8.840711832046509,
  "epoch196": -8.877792119979858,
  "epoch197": -8.971679210662842,
  "epoch198": -9.118832874298096,
  "epoch199": -9.238644075393676,
  "epoch200": -9.305284118652343,
  "epoch201": -9.268167304992676,
  "epoch202": -9.045580959320068,
  "epoch203": -9.138651943206787,
  "epoch204": -9.283609628677368,
  "epoch205": -9.133820819854737,
  "epoch206": -8.980169010162353,
  "epoch207": -9.017494201660156,
  "epoch208": -9.236496305465698,
  "epoch209": -9.175055360794067,
  "epoch210": -9.036581659317017,
  "epoch211": -9.0300950050354,
  "epoch212": -9.22059645652771,
  "epoch213": -9.298350524902343,
  "epoch214": -9.11510157585144,
  "epoch215": -9.179022693634034,
  "epoch216": -9.344784116744995,
  "epoch217": -9.411885356903076,
  "epoch218": -9.267911052703857,
  "epoch219": -9.108561849594116,
  "epoch220": -9.364648914337158,
  "epoch221": -9.386023569107056,
  "epoch222": -9.164804887771606,
  "epoch223": -9.067359685897827,
  "epoch224": -9.340719318389892,
  "epoch225": -9.472012853622436,
  "epoch226": -9.334024667739868,
  "epoch227": -9.108212614059449,
  "epoch228": -9.423230743408203,
  "epoch229": -9.661395645141601,
  "epoch230": -9.53031611442566,
  "epoch231": -9.260125827789306,
  "epoch232": -9.497797441482543,
  "epoch233": -9.771623134613037,
  "epoch234": -9.580223274230956,
  "epoch235": -9.14667067527771,
  "epoch236": -9.121622276306152,
  "epoch237": -9.52990918159485,
  "epoch238": -9.76518898010254,