{"epoch1": 13.438863754272461, "epoch2": 2.190142869949341, "epoch3": 0.257387638092041, "epoch4": 0.20589017868041992, "epoch5": -0.29724931716918945, "epoch6": -0.9487878084182739, "epoch7": -1.761704444885254, "epoch8": -2.8390960693359375, "epoch9": -3.4350762367248535, "epoch10": -3.933678150177002, "epoch11": -3.866758346557617, "epoch12": -4.495508193969727, "epoch13": -4.836689472198486, "epoch14": -5.066727161407471, "epoch15": -5.232570171356201, "epoch16": -5.624583721160889, "epoch17": -5.6620259284973145, "epoch18": -5.933691501617432, "epoch19": -6.219799995422363, "epoch20": -6.388354301452637, "epoch21": -6.620170593261719, "epoch22": -6.753453731536865, "epoch23": -6.964164733886719, "epoch24": -7.095242977142334, "epoch25": -7.219745635986328, "epoch26": -7.32735013961792, "epoch27": -7.501445293426514, "epoch28": -7.604262351989746, "epoch29": -7.753276824951172, "epoch30": -7.850440979003906, "epoch31": -8.002095222473145, "epoch32": -8.098013877868652, "epoch33": -8.237945556640625, "epoch34": -8.319303512573242, "epoch35": -8.465681076049805, "epoch36": -8.5364408493042, "epoch37": -8.58568286895752, "epoch38": -8.637837409973145, "epoch39": -8.792473793029785, "epoch40": -8.79918098449707, "epoch41": -8.896774291992188, "epoch42": -9.028366088867188, "epoch43": -9.126469612121582, "epoch44": -9.16191291809082, "epoch45": -8.975966453552246, "epoch46": -9.194317817687988, "epoch47": -9.151397705078125, "epoch48": -9.266295433044434, "epoch49": -9.171952247619629, "epoch50": -9.369068145751953, "epoch51": -9.05064582824707, "epoch52": -9.322160720825195, "epoch53": -9.34988021850586, "epoch54": -9.50300121307373, "epoch55": -9.42963695526123, "epoch56": -9.61850643157959, "epoch57": -9.675819396972656, "epoch58": -9.686670303344727, "epoch59": -9.84158706665039, "epoch60": -9.811983108520508, "epoch61": -9.904454231262207, "epoch62": -9.941662788391113, "epoch63": -10.047285079956055, "epoch64": -10.076115608215332, "epoch65": -10.031394004821777, "epoch66": -10.147655487060547, "epoch67": -10.241544723510742, "epoch68": -10.238792419433594, "epoch69": -10.294633865356445, "epoch70": -10.307411193847656, "epoch71": -10.353189468383789, "epoch72": -10.387715339660645, "epoch73": -10.409146308898926, "epoch74": -10.459840774536133, "epoch75": -10.485248565673828, "epoch76": -10.515449523925781, "epoch77": -10.563819885253906, "epoch78": -10.59708309173584, "epoch79": -10.614935874938965, "epoch80": -10.641009330749512, "epoch81": -10.588214874267578, "epoch82": -10.71780776977539, "epoch83": -10.70801830291748, "epoch84": -10.727205276489258, "epoch85": -10.769941329956055, "epoch86": -10.806713104248047, "epoch87": -10.80233383178711, "epoch88": -10.87441349029541, "epoch89": -10.715038299560547, "epoch90": -10.853201866149902, "epoch91": -10.690967559814453, "epoch92": -10.726264953613281, "epoch93": -10.842132568359375, "epoch94": -10.86959457397461, "epoch95": -10.890690803527832, "epoch96": -10.961973190307617, "epoch97": -10.888256072998047, "epoch98": -10.988385200500488, "epoch99": -10.930737495422363, "epoch100": -10.998252868652344, "epoch101": -11.005842208862305, "epoch102": -11.028284072875977, "epoch103": -11.059789657592773, "epoch104": -11.090180397033691, "epoch105": -11.099297523498535, "epoch106": -11.139144897460938, "epoch107": -11.127306938171387, "epoch108": -11.170197486877441, "epoch109": -11.158097267150879, "epoch110": -11.181949615478516, "epoch111": -11.221624374389648, "epoch112": -11.224822998046875, "epoch113": -11.268070220947266, "epoch114": -11.262298583984375, "epoch115": -11.293971061706543, "epoch116": -11.252134323120117, "epoch117": -11.387985229492188, "epoch118": -11.307191848754883, "epoch119": -11.390151977539062, "epoch120": -11.314998626708984, "epoch121": -11.373809814453125, "epoch122": -11.349786758422852, "epoch123": -11.405420303344727, "epoch124": -11.394376754760742, "epoch125": -11.394063949584961, "epoch126": -11.498605728149414, "epoch127": -11.440303802490234, "epoch128": -11.506285667419434, "epoch129": -11.505485534667969, "epoch130": -11.515026092529297, "epoch131": -11.634521484375, "epoch132": -11.6072359085083, "epoch133": -11.571235656738281, "epoch134": -11.637725830078125, "epoch135": -11.64818000793457, "epoch136": -11.624401092529297, "epoch137": -11.663575172424316, "epoch138": -11.698832511901855, "epoch139": -11.709314346313477, "epoch140": -11.73020076751709, "epoch141": -11.72445297241211, "epoch142": -11.765800476074219, "epoch143": -11.775930404663086, "epoch144": -11.77678394317627, "epoch145": -11.801578521728516, "epoch146": -11.809738159179688, "epoch147": -11.843082427978516, "epoch148": -11.855463027954102, "epoch149": -11.860429763793945, "epoch150": -11.890658378601074, "epoch151": -11.886333465576172, "epoch152": -11.912941932678223, "epoch153": -11.942581176757812, "epoch154": -11.92228889465332, "epoch155": -11.953532218933105, "epoch156": -11.95643138885498, "epoch157": -11.987966537475586, "epoch158": -12.004806518554688, "epoch159": -12.012954711914062, "epoch160": -12.040037155151367, "epoch161": -11.966415405273438, "epoch162": -12.035655975341797, "epoch163": -12.083549499511719, "epoch164": -12.066250801086426, "epoch165": -12.068328857421875, "epoch166": -12.086379051208496, "epoch167": -12.107693672180176, "epoch168": -12.113874435424805, "epoch169": -12.121997833251953, "epoch170": -12.134466171264648, "epoch171": -12.154711723327637, "epoch172": -12.165386199951172, "epoch173": -12.161205291748047, "epoch174": -12.182356834411621, "epoch175": -12.183279991149902, "epoch176": -12.196158409118652, "epoch177": -12.217601776123047, "epoch178": -12.204885482788086, "epoch179": -12.23569107055664, "epoch180": -12.199761390686035, "epoch181": -12.22507095336914, "epoch182": -12.22929573059082, "epoch183": -12.250638961791992, "epoch184": -12.267784118652344, "epoch185": -12.28254508972168, "epoch186": -12.280305862426758, "epoch187": -12.304783821105957, "epoch188": -12.285907745361328, "epoch189": -12.303630828857422, "epoch190": -12.326967239379883, "epoch191": -12.338455200195312, "epoch192": -12.332133293151855, "epoch193": -12.34935188293457, "epoch194": -12.351921081542969, "epoch195": -12.3585844039917, "epoch196": -12.40682601928711, "epoch197": -12.377572059631348, "epoch198": -12.370793342590332, "epoch199": -12.41865348815918, "epoch200": -12.390772819519043, "epoch201": -12.370962142944336, "epoch202": -12.42123031616211, "epoch203": -12.419147491455078, "epoch204": -12.398026466369629, "epoch205": -12.436141967773438, "epoch206": -12.443268775939941, "epoch207": -12.437870025634766, "epoch208": -12.458836555480957, "epoch209": -12.46730899810791, "epoch210": -12.471704483032227, "epoch211": -12.482245445251465, "epoch212": -12.494821548461914, "epoch213": -12.497695922851562, "epoch214": -12.510183334350586, "epoch215": -12.517915725708008, "epoch216": -12.52625846862793, "epoch217": -12.53814697265625, "epoch218": -12.544624328613281, "epoch219": -12.554043769836426, "epoch220": -12.561382293701172, "epoch221": -12.56759262084961, "epoch222": -12.583992958068848, "epoch223": -12.59492301940918, "epoch224": -12.592920303344727, "epoch225": -12.610700607299805, "epoch226": -12.605569839477539, "epoch227": -12.616676330566406, "epoch228": -12.632698059082031, "epoch229": -12.636409759521484, "epoch230": -12.637382507324219, "epoch231": -12.64666748046875, "epoch232": -12.655019760131836, "epoch233": -12.657405853271484, "epoch234": -12.666669845581055, "epoch235": -12.672000885009766, "epoch236": -12.677521705627441, "epoch237": -12.68524169921875, "epoch238": -12.690760612487793, "epoch239": -12.697629928588867, "epoch240": -12.70501708984375, "epoch241": -12.710700035095215, "epoch242": -12.718636512756348, "epoch243": -12.72319221496582, "epoch244": -12.72674560546875, "epoch245": -12.730175018310547, "epoch246": -12.733965873718262, "epoch247": -12.73745059967041, "epoch248": -12.741815567016602,