{
  "epoch1": 22.703380584716797,
  "epoch2": 2.2385618686676025,
  "epoch3": 0.8226964473724365,
  "epoch4": -0.099111670255661,
  "epoch5": -0.19243234992027283,
  "epoch6": -0.2615737318992615,
  "epoch7": -0.31197509765625,
  "epoch8": -0.37982160449028013,
  "epoch9": -0.419146803021431,
  "epoch10": -0.5205827951431274,
  "epoch11": -0.6146694481372833,
  "epoch12": -0.7240042269229889,
  "epoch13": -0.8437835991382598,
  "epoch14": -0.9473510980606079,
  "epoch15": -1.0554519653320313,
  "epoch16": -1.1340336203575134,
  "epoch17": -1.2056887745857239,
  "epoch18": -1.2733525276184081,
  "epoch19": -1.5041751146316529,
  "epoch20": -1.7218760251998901,
  "epoch21": -1.7981059789657592,
  "epoch22": -1.9957094311714172,
  "epoch23": -2.163161516189575,
  "epoch24": -2.367973780632019,
  "epoch25": -2.5822545170783995,
  "epoch26": -2.713264191150665,
  "epoch27": -2.845839500427246,
  "epoch28": -3.035579574108124,
  "epoch29": -3.2950896501541136,
  "epoch30": -3.471870446205139,
  "epoch31": -3.3863720417022707,
  "epoch32": -3.5429973363876344,
  "epoch33": -3.839833974838257,
  "epoch34": -4.164972519874572,
  "epoch35": -4.248040652275085,
  "epoch36": -4.1198280334472654,
  "epoch37": -4.421124053001404,
  "epoch38": -4.6935955286026,
  "epoch39": -4.81445083618164,
  "epoch40": -4.692742371559143,
  "epoch41": -4.915228366851807,
  "epoch42": -5.098747301101684,
  "epoch43": -5.3546546459197994,
  "epoch44": -5.370112895965576,
  "epoch45": -5.068416500091553,
  "epoch46": -5.400777292251587,
  "epoch47": -5.771585941314697,
  "epoch48": -5.873757362365723,
  "epoch49": -5.566235613822937,
  "epoch50": -5.532114934921265,
  "epoch51": -5.618590068817139,
  "epoch52": -5.688487195968628,
  "epoch53": -5.831443357467651,
  "epoch54": -5.980203676223755,
  "epoch55": -6.2344735622406,
  "epoch56": -6.30984582901001,
  "epoch57": -6.432540607452393,
  "epoch58": -6.392637252807617,
  "epoch59": -6.339206218719482,
  "epoch60": -6.489050579071045,
  "epoch61": -6.593586206436157,
  "epoch62": -6.849371719360351,
  "epoch63": -6.9017005443573,
  "epoch64": -6.579865884780884,
  "epoch65": -6.337425470352173,
  "epoch66": -6.682188510894775,
  "epoch67": -7.1332526206970215,
  "epoch68": -7.214205026626587,
  "epoch69": -7.271023511886597,
  "epoch70": -7.299913644790649,
  "epoch71": -7.343104553222656,
  "epoch72": -7.34239616394043,
  "epoch73": -7.31472864151001,
  "epoch74": -7.403227663040161,
  "epoch75": -7.4101519107818605,
  "epoch76": -7.477443981170654,
  "epoch77": -7.643080139160157,
  "epoch78": -7.652988052368164,
  "epoch79": -7.549650716781616,
  "epoch80": -7.531819438934326,
  "epoch81": -7.69349217414856,
  "epoch82": -7.704203176498413,
  "epoch83": -7.632109069824219,
  "epoch84": -7.655070638656616,
  "epoch85": -7.7453320026397705,
  "epoch86": -7.817707443237305,
  "epoch87": -7.844212198257447,
  "epoch88": -7.763085746765137,
  "epoch89": -7.801197052001953,
  "epoch90": -7.956650638580323,
  "epoch91": -8.027841758728027,
  "epoch92": -7.846644592285156,
  "epoch93": -7.5562645435333256,
  "epoch94": -7.774765729904175,
  "epoch95": -7.904303312301636,
  "epoch96": -8.020633935928345,
  "epoch97": -7.907236194610595,
  "epoch98": -7.688599729537964,
  "epoch99": -7.814379024505615,
  "epoch100": -7.978917741775513,
  "epoch101": -8.12318377494812,
  "epoch102": -8.035106897354126,
  "epoch103": -7.909488725662231,
  "epoch104": -8.017079639434815,
  "epoch105": -8.016613674163818,
  "epoch106": -8.120224523544312,
  "epoch107": -8.058162069320678,
  "epoch108": -8.034937286376953,
  "epoch109": -8.194132423400879,
  "epoch110": -8.267704677581786,
  "epoch111": -8.235352087020875,
  "epoch112": -8.287761783599853,
  "epoch113": -8.35430588722229,
  "epoch114": -8.377813053131103,
  "epoch115": -8.341632843017578,
  "epoch116": -8.407642364501953,
  "epoch117": -8.502663516998291,
  "epoch118": -8.452233123779298,
  "epoch119": -8.42648491859436,
  "epoch120": -8.499128818511963,
  "epoch121": -8.59698395729065,
  "epoch122": -8.609366512298584,
  "epoch123": -8.511444091796875,
  "epoch124": -8.429655265808105,
  "epoch125": -8.567473554611206,
  "epoch126": -8.658521556854248,
  "epoch127": -8.510506200790406,
  "epoch128": -8.204850959777833,
  "epoch129": -8.240577888488769,
  "epoch130": -8.47844352722168,
  "epoch131": -8.744733810424805,
  "epoch132": -8.779103899002076,
  "epoch133": -8.777058696746826,
  "epoch134": -8.769152784347535,
  "epoch135": -8.824809551239014,
  "epoch136": -8.81186122894287,
  "epoch137": -8.861290550231933,
  "epoch138": -8.877410745620727,
  "epoch139": -8.892836809158325,
  "epoch140": -8.885477352142335,
  "epoch141": -8.926777410507203,
  "epoch142": -8.999150133132934,
  "epoch143": -9.018715858459473,
  "epoch144": -8.925303268432618,
  "epoch145": -8.870996761322022,
  "epoch146": -8.974827241897582,
  "epoch147": -9.052836990356445,
  "epoch148": -9.037861871719361,
  "epoch149": -9.037368249893188,
  "epoch150": -9.027607488632203,
  "epoch151": -9.084628582000732,
  "epoch152": -9.105676126480102,
  "epoch153": -9.10886254310608,
  "epoch154": -9.151244735717773,
  "epoch155": -9.151847171783448,
  "epoch156": -9.161978578567505,
  "epoch157": -9.18856053352356,
  "epoch158": -9.19110689163208,
  "epoch159": -9.193138027191162,
  "epoch160": -9.221532201766967,
  "epoch161": -9.232402229309082,
  "epoch162": -9.25548005104065,
  "epoch163": -9.29287829399109,
  "epoch164": -9.312913465499879,
  "epoch165": -9.320557355880737,
  "epoch166": -9.30890612602234,
  "epoch167": -9.314980936050414,
  "epoch168": -9.317634963989258,
  "epoch169": -9.311872863769532,
  "epoch170": -9.331314849853516,
  "epoch171": -9.356401538848877,
  "epoch172": -9.341846609115601,
  "epoch173": -9.335023164749146,
  "epoch174": -9.368225049972533,
  "epoch175": -9.393291997909547,
  "epoch176": -9.407079076766967,
  "epoch177": -9.418982982635498,
  "epoch178": -9.406595420837402,
  "epoch179": -9.430456447601319,
  "epoch180": -9.456465530395509,
  "epoch181": -9.467180871963501,
  "epoch182": -9.47660551071167,
  "epoch183": -9.492739725112916,
  "epoch184": -9.508820915222168,
  "epoch185": -9.52192554473877,
  "epoch186": -9.532346153259278,
  "epoch187": -9.539675903320312,
  "epoch188": -9.53873815536499,
  "epoch189": -9.554944944381713,
  "epoch190": -9.574025392532349,
  "epoch191": -9.581429767608643,
  "epoch192": -9.558057641983032,
  "epoch193": -9.552026510238647,
  "epoch194": -9.597107934951783,
  "epoch195": -9.622126531600951,
  "epoch196": -9.62729549407959,
  "epoch197": -9.6357825756073,
  "epoch198": -9.642559719085693,
  "epoch199": -9.644815111160279,
  "epoch200": -9.651746225357055,
  "epoch201": -9.660637044906617,
  "epoch202": -9.669040107727051,
  "epoch203": -9.678850555419922,
  "epoch204": -9.688121461868286,
  "epoch205": -9.695338439941406,
  "epoch206": -9.702095079421998,
  "epoch207": -9.709395933151246,
  "epoch208": -9.719775390625,
  "epoch209": -9.726024913787843,
  "epoch210": -9.733492374420166,
  "epoch211": -9.741126441955567,
  "epoch212": -9.74701247215271,
  "epoch213": -9.752494049072265,
  "epoch214": -9.754162740707397,
  "epoch215": -9.764443397521973,
  "epoch216": -9.775646686553955,
  "epoch217": -9.780234432220459,
  "epoch218": -9.778221702575683,
  "epoch219": -9.782691621780396,
  "epoch220": -9.799214744567871,
  "epoch221": -9.80873737335205,
  "epoch222": -9.814359664916992,
  "epoch223": -9.814570426940918,
  "epoch224": -9.819400453567505,
  "epoch225": -9.832050037384032,
  "epoch226": -9.842705631256104,
  "epoch227": -9.851358127593993,
  "epoch228": -9.856279516220093,
  "epoch229": -9.862598609924316,
  "epoch230": -9.867778968811034,
  "epoch231": -9.873210954666138,
  "epoch232": -9.878655815124512,
  "epoch233": -9.884184455871582,
  "epoch234": -9.890348100662232,
  "epoch235": -9.895195388793946,
  "epoch236": -9.900395727157592,
  "epoch237": -9.905633115768433,
  "epoch238": -9.910945224761964,